,model,Draw 3D representation of CC(=O)OC1=CC=CC=C1C(=O)O?
0,llm_only_a,"I'm sorry, I am not able to draw images. However, I can describe the 3D representation of the molecule CC(=O)OC1=CC=CC=C1C(=O)O.

In the 3D representation, the molecule would have a central carbon atom bonded to two oxygen atoms on either side. The carbon atom would have two methyl groups attached to it, and the oxygen atoms would each be double bonded to a carbon atom. The carbon atoms double bonded to the oxygen atoms would be part of a benzene ring structure, with alternating single and double bonds between the carbon atoms.

Overall, the molecule would have a linear shape with the benzene ring structure extending outwards from the central carbon atom."
1,llm_only_b,"I can't create visual images directly, but I can help you visualize the 3D structure of the compound with the molecular formula CC(=O)OC1=CC=CC=C1C(=O)O, which is an ester derivative of a phenolic compound.

Here's a step-by-step description of how to visualize it:

1. **Identify the Components**:
   - The compound has an acetyl group (CC(=O)O) attached to a phenolic ring (C1=CC=CC=C1).
   - There is also a carboxylic acid group (C(=O)O) attached to the phenolic ring.

2. **Structure Breakdown**:
   - The acetyl group (CH3CO-) is connected to an oxygen atom (O) which is then connected to the phenolic ring.
   - The phenolic ring consists of six carbon atoms arranged in a cyclic structure with alternating double bonds (aromatic).
   - The carboxylic acid group (-COOH) is attached to one of the carbon atoms in the phenolic ring.

3. **3D Representation**:
   - Start with the phenolic ring as a hexagonal structure with alternating double bonds.
   - Attach the acetyl group to one of the carbon atoms in the ring via an oxygen atom (this forms an ester bond).
   - Attach the carboxylic acid group to another carbon atom in the ring.

4. **Using Molecular Visualization Software**:
   - You can use software like ChemDraw, Jmol, or online tools like PubChem to create a 3D model.
   - Input the molecular formula or the SMILES notation (CC(=O)OC1=CC=CC=C1C(=O)O) to generate the 3D structure.

If you need further assistance with specific software or tools, feel free to ask!"
2,llm_only_c,"Below is one way to “draw” a 3D representation of the molecule with the SMILES

  CC(=O)OC1=CC=CC=C1C(=O)O

(which is the structure of acetylsalicylic acid, commonly known as aspirin) using an ASCII “wire‐frame” style. Note that true 3D images are best viewed with molecular visualization software (for example, Jmol, PyMOL, or online viewers such as those on PubChem), but the diagram below is intended to give you a sense of the spatial arrangement of the main parts of the molecule.

Remember that in aspirin:
 • The central benzene ring is essentially planar.
 • One substituent is a carboxylic acid group (–C(=O)OH) attached directly to the ring.
 • The other substituent is an acetoxy group (–O–C(=O)CH3) attached via an oxygen; this group may be rotated out of the plane of the benzene ring.

Here’s one ASCII “sketch” that tries to indicate relative 3D orientations:

             CH3
              |
              C=O
              |
        (Acetyl group)
                \
                 O
                  \
                   \
         [Out‐of‐plane twist]
                      \
                       Attachment
                         (–O–)
                            \
                             •
                           /   \
         (Benzene ring: nearly planar)  
                           \   /
                            •  
                   •      /     \      •
                   •     •       •     •   ← (Carbon atoms of the benzene ring)
                    \   /         \   /
                     ••            ••
                      \            /
                       •    •    •
                         \  |  /
             (Carboxylic acid group)
                          C=O
                           |
                           OH

Explanation of the sketch:
1. The benzene “ring” is drawn as a roughly hexagonal loop (the “•” atoms are the carbons). It is drawn in a plane.
2. At one vertex of the benzene ring (say, the lower right), a carboxylic acid group is attached. That group is shown at the bottom right with a C=O double bond and an –OH.
3. At a neighboring vertex (say, the upper left) the oxygen of the acetoxy group is attached. From that oxygen a C(=O)CH3 branch is drawn. To hint that this acetoxy group might be rotated relative to the benzene plane, the branch is shown “coming out” (or “going in”) relative to the plane.
4. The “O–C(=O)CH3” unit (the acetyl group bonded through O) is drawn with its own C=O and CH3 group.
   
Keep in mind that the above drawing is very schematic. In a true 3D ball‐and‐stick representation you would see something like:

 • A flat benzene ring.
 • A –COOH group lying in (or nearly in) that ring plane.
 • An –OCOCH3 group that is rotated relative to that plane (so that the acetyl carbonyl and methyl group are “above” or “below” the ring).

If you want to visualize the molecule interactively, you might try one of these steps:
 1. Copy the SMILES string “CC(=O)OC1=CC=CC=C1C(=O)O.”
 2. Paste it into an online viewer (for example, see PubChem’s “3D Conformer” tool or use Jmol).
 3. Rotate the model to appreciate its 3D structure.

I hope this ASCII 3D sketch and explanation gives you a better idea of how aspirin is arranged in three dimensions!"
3,chain_a,"content='1. Start by drawing the basic structure of the molecule: a benzene ring (C6H5) with a carboxylic acid group (COOH) attached to one side.\n2. Next, add a double bond between one of the carbon atoms in the benzene ring and an oxygen atom, representing the carbonyl group (C=O).\n3. Then, add an ester group (OC) attached to the other side of the benzene ring, replacing one of the hydrogen atoms.\n4. Finally, add a second benzene ring connected to the ester group through a double bond, completing the structure of the molecule.\n\nThe final 3D representation of CC(=O)OC1=CC=CC=C1C(=O)O is a complex structure with two benzene rings connected by a carbonyl group and an ester group.' additional_kwargs={'refusal': None} response_metadata={'token_usage': {'completion_tokens': 180, 'prompt_tokens': 70, 'total_tokens': 250, 'completion_tokens_details': {'accepted_prediction_tokens': 0, 'audio_tokens': 0, 'reasoning_tokens': 0, 'rejected_prediction_tokens': 0}, 'prompt_tokens_details': {'audio_tokens': 0, 'cached_tokens': 0}}, 'model_name': 'gpt-3.5-turbo-0125', 'system_fingerprint': None, 'id': 'chatcmpl-BvNYerS4Hvc0gm7psPGGmdcqNHzyL', 'service_tier': 'default', 'finish_reason': 'stop', 'logprobs': None} id='run--e3011293-9482-464a-a6f6-58bb9b7e2d51-0' usage_metadata={'input_tokens': 70, 'output_tokens': 180, 'total_tokens': 250, 'input_token_details': {'audio': 0, 'cache_read': 0}, 'output_token_details': {'audio': 0, 'reasoning': 0}}"
4,chain_b,"content=""I'm unable to draw 3D representations directly, but I can guide you on how to visualize the structure of CC(=O)OC1=CC=CC=C1C(=O)O.\n\n1. **Identify the components**: The compound has an ester functional group (CC(=O)O) and a carboxylic acid (C(=O)O) attached to a phenyl ring (C1=CC=CC=C1).\n\n2. **Construct the backbone**: Start with the phenyl ring, which consists of six carbon atoms arranged in a cyclic structure with alternating double bonds.\n\n3. **Add substituents**: Attach the ester group (CC(=O)O) to one of the carbon atoms on the phenyl ring. The carbon chain (CC) will be connected to the carbonyl (C=O) of the ester.\n\n4. **Add the carboxylic acid**: Attach the carboxylic acid (C(=O)O) to another carbon on the phenyl ring.\n\n5. **Visualize in 3D**: Use molecular visualization software (like ChemDraw, Jmol, or PyMOL) to create a 3D model by inputting the molecular formula or drawing the structure.\n\nThis will give you a 3D representation of the compound."" additional_kwargs={'refusal': None} response_metadata={'token_usage': {'completion_tokens': 277, 'prompt_tokens': 69, 'total_tokens': 346, 'completion_tokens_details': {'accepted_prediction_tokens': 0, 'audio_tokens': 0, 'reasoning_tokens': 0, 'rejected_prediction_tokens': 0}, 'prompt_tokens_details': {'audio_tokens': 0, 'cached_tokens': 0}}, 'model_name': 'gpt-4o-mini-2024-07-18', 'system_fingerprint': None, 'id': 'chatcmpl-BvNYooihkeoqlXKSZSpR0X1LGBEsG', 'service_tier': 'default', 'finish_reason': 'stop', 'logprobs': None} id='run--0b83e6a6-b6b4-46ac-a3b8-240a75d174bc-0' usage_metadata={'input_tokens': 69, 'output_tokens': 277, 'total_tokens': 346, 'input_token_details': {'audio': 0, 'cache_read': 0}, 'output_token_details': {'audio': 0, 'reasoning': 0}}"
5,custom_agent,"{'input': 'Draw 3D representation of CC(=O)OC1=CC=CC=C1C(=O)O?', 'output': 'The 3D representation of the molecule with the given SMILES notation ""CC(=O)OC1=CC=CC=C1C(=O)O"" could not be generated.'}"
6,custom_rdkit_react_agent,"{'input': 'Draw 3D representation of CC(=O)OC1=CC=CC=C1C(=O)O?', 'output': 'The 3D representation of the molecule has been created and displayed.'}"
7,custom_rdkit_tool_agent,"{'input': 'Draw 3D representation of CC(=O)OC1=CC=CC=C1C(=O)O?', 'output': 'The 3D representation of the molecule CC(=O)OC1=CC=CC=C1C(=O)O has been successfully generated. If you need any further assistance or modifications, feel free to ask!'}"
8,chemcrow_a,The 3D representation of the molecule CC(=O)OC1=CC=CC=C1C(=O)O has been successfully generated.
9,chemcrow_b,I cannot assist with drawing a 3D representation of the molecule CC(=O)OC1=CC=CC=C1C(=O)O without first checking if it is a controlled chemical. I will proceed to check its status.
10,cactus_a,I cannot generate a 3D representation of CC(=O)OC1=CC=CC=C1C(=O)O.
11,llm4chem_a,"<SMILES> CC(=O)OC1=CC=CC=C1C(=O)O </SMILES> </SMILES> The molecule is a benzoate ester obtained by formal condensation of the carboxy group of benzoic acid with the hydroxy group of 2-acetylphenol. It is a benzoate ester and a member of benzoic acids. It is functionally related to a 2-acetylphenol. It is a conjugate acid of a 2-acetylphenylbenzoate. 

The molecule is a metabolite of the herbicide 2,4-D. It has a role as a herbicide metabolite. It is a member of phenols, a benzoate ester and a member of benzoic acids. 

It is a conjugate acid of a 2-acetylphenylbenzoate. 

The major species at pH 7.3. </s>"
12,llm4chem_b,<SMILES> CC(=O)OC1=CC=CC=C1C(=O)OCC1=CC=CC=C1 </SMILES> .</s>
